date,cash,positions_value,total_value,num_positions,positions,benchmark_value
2005-01-01,100000.0,0.0,100000.0,0,None,100000.0
2005-02-01,0.0,100000.0,100000.0,8,"MU, LRCX, NVDA, AMAT, GOOG, GOOGL, AMZN, EBAY",98844.5839301929
2005-03-01,0.0,105891.54385614335,105891.54385614335,8,"MU, LRCX, NVDA, AMAT, GOOG, GOOGL, AMZN, EBAY",100773.05627583893
2005-04-01,0.0,95608.85980643872,95608.85980643872,8,"MU, LRCX, NVDA, AMAT, GOOG, GOOGL, AMZN, EBAY",97997.72869898702
2005-05-01,0.0,95125.05891428515,95125.05891428515,8,"MU, LRCX, NVDA, AMAT, GOOG, GOOGL, AMZN, EBAY",96595.76471817814
2005-06-01,0.0,114871.4750822891,114871.4750822891,8,"MU, LRCX, NVDA, AMAT, GOOG, GOOGL, AMZN, EBAY",100559.71413525379
2005-07-01,0.0,109367.18976906592,109367.18976906592,8,"MU, LRCX, NVDA, AMAT, GOOG, GOOGL, AMZN, EBAY",100152.83301238182
2005-08-01,0.0,122380.52552787996,122380.52552787996,8,"MU, LRCX, NVDA, AMAT, GOOG, GOOGL, AMZN, EBAY",103604.88911500185
2005-09-01,0.0,121710.3990663164,121710.3990663164,9,"MU, LRCX, NVDA, AMAT, GOOG, GOOGL, AMZN, EBAY, EXPE",102632.95536901969
2005-10-01,0.0,129983.97435440306,129983.97435440306,9,"MU, LRCX, NVDA, AMAT, GOOG, GOOGL, AMZN, EBAY, EXPE",103532.65035150842
2005-11-01,0.0,134348.20913220628,134348.20913220628,9,"MU, LRCX, NVDA, AMAT, GOOG, GOOGL, AMZN, EBAY, EXPE",101386.91658810098
2005-12-01,0.0,152357.5883236206,152357.5883236206,9,"MU, LRCX, NVDA, AMAT, GOOG, GOOGL, AMZN, EBAY, EXPE",106603.96324451112
2006-01-01,0.0,146923.34675145897,146923.34675145897,9,"MU, LRCX, NVDA, AMAT, GOOG, GOOGL, AMZN, EBAY, EXPE",105324.95366183143
2006-02-01,0.0,159433.08141913137,159433.08141913137,9,"MU, LRCX, NVDA, AMAT, GOOG, GOOGL, AMZN, EBAY, EXPE",108607.11802766935
2006-03-01,0.0,152841.11090183439,152841.11090183439,9,"MU, LRCX, NVDA, AMAT, GOOG, GOOGL, AMZN, EBAY, EXPE",109436.08744480704
2006-04-01,0.0,154860.35265392734,154860.35265392734,9,"MU, LRCX, NVDA, AMAT, GOOG, GOOGL, AMZN, EBAY, EXPE",110261.97407318259
2006-05-01,0.0,160108.385772102,160108.385772102,9,"MU, LRCX, NVDA, AMAT, GOOG, GOOGL, AMZN, EBAY, EXPE",110746.04709880913
2006-06-01,0.0,151134.95275163767,151134.95275163767,9,"MU, LRCX, NVDA, AMAT, GOOG, GOOGL, AMZN, EBAY, EXPE",109327.71990082068
2006-07-01,0.0,150058.8338422133,150058.8338422133,9,"MU, LRCX, NVDA, AMAT, GOOG, GOOGL, AMZN, EBAY, EXPE",108574.06263719233
2006-08-01,0.0,134396.15759719454,134396.15759719454,9,"MU, LRCX, NVDA, AMAT, GOOG, GOOGL, AMZN, EBAY, EXPE",108522.91466023016
2006-09-01,0.0,151890.957931023,151890.957931023,9,"MU, LRCX, NVDA, AMAT, GOOG, GOOGL, AMZN, EBAY, EXPE",112105.64153163097
2006-10-01,0.0,157741.5156919754,157741.5156919754,9,"MU, LRCX, NVDA, AMAT, GOOG, GOOGL, AMZN, EBAY, EXPE",114449.31289055903
2006-11-01,0.0,167155.2859082795,167155.2859082795,9,"MU, LRCX, NVDA, AMAT, GOOG, GOOGL, AMZN, EBAY, EXPE",117259.6226008643
2006-12-01,0.0,175261.271049732,175261.271049732,9,"MU, LRCX, NVDA, AMAT, GOOG, GOOGL, AMZN, EBAY, EXPE",120138.41157617257
2007-01-01,0.0,175085.47006106246,175085.47006106246,9,"MU, LRCX, NVDA, AMAT, GOOG, GOOGL, AMZN, EBAY, EXPE",122013.98777805839
2007-02-01,0.0,168396.87324222876,168396.87324222876,9,"MU, LRCX, NVDA, AMAT, GOOG, GOOGL, AMZN, EBAY, EXPE",124590.03373867934
2007-03-01,0.0,163829.21657981558,163829.21657981558,9,"MU, LRCX, NVDA, AMAT, GOOG, GOOGL, AMZN, EBAY, EXPE",121057.58076084168
2007-04-01,0.0,167301.20613791567,167301.20613791567,9,"MU, LRCX, NVDA, AMAT, GOOG, GOOGL, AMZN, EBAY, EXPE",122826.61277550898
2007-05-01,0.0,185794.5495895767,185794.5495895767,9,"MU, LRCX, NVDA, AMAT, GOOG, GOOGL, AMZN, EBAY, EXPE",128596.00495013167
2007-06-01,0.0,194230.68803837177,194230.68803837177,9,"MU, LRCX, NVDA, AMAT, GOOG, GOOGL, AMZN, EBAY, EXPE",133275.53730987394
2007-07-01,0.0,202913.12268094454,202913.12268094454,9,"MU, LRCX, NVDA, AMAT, GOOG, GOOGL, AMZN, EBAY, EXPE",130679.11486743492
2007-08-01,0.0,212375.0132545703,212375.0132545703,9,"MU, LRCX, NVDA, AMAT, GOOG, GOOGL, AMZN, EBAY, EXPE",127204.30440020162
2007-09-01,0.0,214113.12829822063,214113.12829822063,9,"MU, LRCX, NVDA, AMAT, GOOG, GOOGL, AMZN, EBAY, EXPE",128212.01917306636
2007-10-01,0.0,232749.25877967483,232749.25877967483,9,"MU, LRCX, NVDA, AMAT, GOOG, GOOGL, AMZN, EBAY, EXPE",134676.9091696706
2007-11-01,0.0,228664.0117529622,228664.0117529622,9,"MU, LRCX, NVDA, AMAT, GOOG, GOOGL, AMZN, EBAY, EXPE",131822.7543082208
2007-12-01,0.0,217383.27909628727,217383.27909628727,9,"MU, LRCX, NVDA, AMAT, GOOG, GOOGL, AMZN, EBAY, EXPE",129754.21244756793
2008-01-01,0.0,212580.80176397186,212580.80176397186,9,"MU, LRCX, NVDA, AMAT, GOOG, GOOGL, AMZN, EBAY, EXPE",128293.1021567585
2008-02-01,0.0,185136.6954296624,185136.6954296624,9,"MU, LRCX, NVDA, AMAT, GOOG, GOOGL, AMZN, EBAY, EXPE",122475.52261023485
2008-03-01,0.0,171727.8023035554,171727.8023035554,9,"MU, LRCX, NVDA, AMAT, GOOG, GOOGL, AMZN, EBAY, EXPE",117421.36562466841
2008-04-01,0.0,172550.2574044449,172550.2574044449,9,"MU, LRCX, NVDA, AMAT, GOOG, GOOGL, AMZN, EBAY, EXPE",120462.93148586566
2008-05-01,0.0,194541.79100180778,194541.79100180778,9,"MU, LRCX, NVDA, AMAT, GOOG, GOOGL, AMZN, EBAY, EXPE",124439.85117273327
2008-06-01,0.0,196526.90571014927,196526.90571014927,9,"MU, LRCX, NVDA, AMAT, GOOG, GOOGL, AMZN, EBAY, EXPE",123760.89514410957
2008-07-01,0.0,170121.1343020939,170121.1343020939,9,"MU, LRCX, NVDA, AMAT, GOOG, GOOGL, AMZN, EBAY, EXPE",113771.90765506263
2008-08-01,0.0,145773.32703183978,145773.32703183978,9,"MU, LRCX, NVDA, AMAT, GOOG, GOOGL, AMZN, EBAY, EXPE",111804.57149377189
2008-09-01,0.0,149852.50290355427,149852.50290355427,9,"MU, LRCX, NVDA, AMAT, GOOG, GOOGL, AMZN, EBAY, EXPE",114135.23498792309
2008-10-01,0.0,130870.56864500063,130870.56864500063,17,"MU, LRCX, NVDA, AMAT, GOOG, GOOGL, AMZN, EBAY, EXPE, ISRG, WSM, BLK, AEE, NEE, CMS, EVRG, SO",103449.14249128995
2008-11-01,-2.2737367544323206e-13,105347.68666867867,105347.68666867867,17,"MU, LRCX, NVDA, AMAT, GOOG, GOOGL, AMZN, EBAY, EXPE, ISRG, WSM, BLK, AEE, NEE, CMS, EVRG, SO",86308.5926063635
2008-12-01,0.0,78362.54404004861,78362.54404004861,17,"MU, LRCX, NVDA, AMAT, GOOG, GOOGL, AMZN, EBAY, EXPE, ISRG, WSM, BLK, AEE, NEE, CMS, EVRG, SO",73188.10265348223
2009-01-01,0.0,90719.84157198074,90719.84157198074,17,"MU, LRCX, NVDA, AMAT, GOOG, GOOGL, AMZN, EBAY, EXPE, ISRG, WSM, BLK, AEE, NEE, CMS, EVRG, SO",81087.64547026956
2009-02-01,0.0,93778.86879735993,93778.86879735993,17,"MU, LRCX, NVDA, AMAT, GOOG, GOOGL, AMZN, EBAY, EXPE, ISRG, WSM, BLK, AEE, NEE, CMS, EVRG, SO",74429.18829513981
2009-03-01,0.0,90807.61246085573,90807.61246085573,12,"MU, LRCX, NVDA, AMAT, GOOG, GOOGL, AMZN, EBAY, EXPE, ISRG, WSM, BLK",66431.83272637796
2009-04-01,0.0,106336.0142312817,106336.0142312817,12,"MU, LRCX, NVDA, AMAT, GOOG, GOOGL, AMZN, EBAY, EXPE, ISRG, WSM, BLK",73360.03391819539
2009-05-01,0.0,125960.92766094605,125960.92766094605,12,"MU, LRCX, NVDA, AMAT, GOOG, GOOGL, AMZN, EBAY, EXPE, ISRG, WSM, BLK",79541.2321587125
2009-06-01,0.0,132715.8573093965,132715.8573093965,12,"MU, LRCX, NVDA, AMAT, GOOG, GOOGL, AMZN, EBAY, EXPE, ISRG, WSM, BLK",85767.69476105427
2009-07-01,0.0,128160.32641743288,128160.32641743288,12,"MU, LRCX, NVDA, AMAT, GOOG, GOOGL, AMZN, EBAY, EXPE, ISRG, WSM, BLK",84031.48316820833
2009-08-01,0.0,150145.80149190623,150145.80149190623,12,"MU, LRCX, NVDA, AMAT, GOOG, GOOGL, AMZN, EBAY, EXPE, ISRG, WSM, BLK",89929.09303884681
2009-09-01,0.0,155689.3944241937,155689.3944241937,12,"MU, LRCX, NVDA, AMAT, GOOG, GOOGL, AMZN, EBAY, EXPE, ISRG, WSM, BLK",91194.15488212704
2009-10-01,0.0,166025.03913196464,166025.03913196464,12,"MU, LRCX, NVDA, AMAT, GOOG, GOOGL, AMZN, EBAY, EXPE, ISRG, WSM, BLK",94161.63982557056
2009-11-01,0.0,165998.70593905874,165998.70593905874,12,"MU, LRCX, NVDA, AMAT, GOOG, GOOGL, AMZN, EBAY, EXPE, ISRG, WSM, BLK",94701.10906145343
2009-12-01,0.0,183601.60604854196,183601.60604854196,12,"MU, LRCX, NVDA, AMAT, GOOG, GOOGL, AMZN, EBAY, EXPE, ISRG, WSM, BLK",101779.00408441316
2010-01-01,0.0,203881.0053812567,203881.0053812567,12,"MU, LRCX, NVDA, AMAT, GOOG, GOOGL, AMZN, EBAY, EXPE, ISRG, WSM, BLK",102455.61982522656
2010-02-01,0.0,182766.40842288994,182766.40842288994,12,"MU, LRCX, NVDA, AMAT, GOOG, GOOGL, AMZN, EBAY, EXPE, ISRG, WSM, BLK",100267.53531132455
2010-03-01,0.0,189538.02461564774,189538.02461564774,12,"MU, LRCX, NVDA, AMAT, GOOG, GOOGL, AMZN, EBAY, EXPE, ISRG, WSM, BLK",102869.40902657468
2010-04-01,0.0,200887.52665881687,200887.52665881687,12,"MU, LRCX, NVDA, AMAT, GOOG, GOOGL, AMZN, EBAY, EXPE, ISRG, WSM, BLK",108748.92631072801
2010-05-01,0.0,195759.1536867374,195759.1536867374,12,"MU, LRCX, NVDA, AMAT, GOOG, GOOGL, AMZN, EBAY, EXPE, ISRG, WSM, BLK",109681.30073384472
2010-06-01,0.0,177171.47832747697,177171.47832747697,12,"MU, LRCX, NVDA, AMAT, GOOG, GOOGL, AMZN, EBAY, EXPE, ISRG, WSM, BLK",99268.01624516894
2010-07-01,0.0,163242.70494823944,163242.70494823944,23,"MU, LRCX, NVDA, AMAT, GOOG, GOOGL, AMZN, EBAY, EXPE, ISRG, WSM, BLK, AEE, NEE, CMS, EVRG, SO, WEC, CHD, AEM, NEM, FNV, WPM",95315.84345711452
2010-08-01,0.0,171204.64070164226,171204.64070164226,23,"MU, LRCX, NVDA, AMAT, GOOG, GOOGL, AMZN, EBAY, EXPE, ISRG, WSM, BLK, AEE, NEE, CMS, EVRG, SO, WEC, CHD, AEM, NEM, FNV, WPM",102281.78061502952
2010-09-01,0.0,166747.36337542124,166747.36337542124,12,"MU, LRCX, NVDA, AMAT, GOOG, GOOGL, AMZN, EBAY, EXPE, ISRG, WSM, BLK",100602.92017165494
2010-10-01,0.0,188721.6574250448,188721.6574250448,12,"MU, LRCX, NVDA, AMAT, GOOG, GOOGL, AMZN, EBAY, EXPE, ISRG, WSM, BLK",106876.51748632037
2010-11-01,0.0,206152.30385223942,206152.30385223942,12,"MU, LRCX, NVDA, AMAT, GOOG, GOOGL, AMZN, EBAY, EXPE, ISRG, WSM, BLK",110531.99065351082
2010-12-01,0.0,207682.53787070705,207682.53787070705,12,"MU, LRCX, NVDA, AMAT, GOOG, GOOGL, AMZN, EBAY, EXPE, ISRG, WSM, BLK",112844.65554863913
2011-01-01,0.0,220540.36877815804,220540.36877815804,12,"MU, LRCX, NVDA, AMAT, GOOG, GOOGL, AMZN, EBAY, EXPE, ISRG, WSM, BLK",117881.55643613455
2011-02-01,0.0,256132.20537337556,256132.20537337556,12,"MU, LRCX, NVDA, AMAT, GOOG, GOOGL, AMZN, EBAY, EXPE, ISRG, WSM, BLK",122559.28423660141
2011-03-01,0.0,251853.59197099376,251853.59197099376,12,"MU, LRCX, NVDA, AMAT, GOOG, GOOGL, AMZN, EBAY, EXPE, ISRG, WSM, BLK",122737.38107883885
2011-04-01,0.0,250316.5216866639,250316.5216866639,12,"MU, LRCX, NVDA, AMAT, GOOG, GOOGL, AMZN, EBAY, EXPE, ISRG, WSM, BLK",125360.72153046928
2011-05-01,0.0,247961.58646289905,247961.58646289905,12,"MU, LRCX, NVDA, AMAT, GOOG, GOOGL, AMZN, EBAY, EXPE, ISRG, WSM, BLK",128448.85817921662
2011-06-01,0.0,231318.93600199584,231318.93600199584,12,"MU, LRCX, NVDA, AMAT, GOOG, GOOGL, AMZN, EBAY, EXPE, ISRG, WSM, BLK",124155.59549187258
2011-07-01,0.0,223600.10962881194,223600.10962881194,12,"MU, LRCX, NVDA, AMAT, GOOG, GOOGL, AMZN, EBAY, EXPE, ISRG, WSM, BLK",126710.74803963302
2011-08-01,0.0,225252.85573294907,225252.85573294907,12,"MU, LRCX, NVDA, AMAT, GOOG, GOOGL, AMZN, EBAY, EXPE, ISRG, WSM, BLK",121847.4889886639
2011-09-01,0.0,200959.8385352334,200959.8385352334,17,"MU, LRCX, NVDA, AMAT, GOOG, GOOGL, AMZN, EBAY, EXPE, ISRG, WSM, BLK, AEE, NEE, CMS, EVRG, SO",114429.50033351452
2011-10-01,0.0,192189.05282098835,192189.05282098835,23,"MU, LRCX, NVDA, AMAT, GOOG, GOOGL, AMZN, EBAY, EXPE, ISRG, WSM, BLK, AEE, NEE, CMS, EVRG, SO, WEC, CHD, AEM, NEM, FNV, WPM",107612.75887319184
2011-11-01,0.0,200984.48596589564,200984.48596589564,12,"MU, LRCX, NVDA, AMAT, GOOG, GOOGL, AMZN, EBAY, EXPE, ISRG, WSM, BLK",116029.65567599214
2011-12-01,0.0,208048.88444948493,208048.88444948493,12,"MU, LRCX, NVDA, AMAT, GOOG, GOOGL, AMZN, EBAY, EXPE, ISRG, WSM, BLK",118854.33606927704
2012-01-01,0.0,203705.4607239413,203705.4607239413,12,"MU, LRCX, NVDA, AMAT, GOOG, GOOGL, AMZN, EBAY, EXPE, ISRG, WSM, BLK",120115.39404666497
2012-02-01,0.0,217876.82116719882,217876.82116719882,12,"MU, LRCX, NVDA, AMAT, GOOG, GOOGL, AMZN, EBAY, EXPE, ISRG, WSM, BLK",126786.3233580367
2012-03-01,0.0,227472.0765040937,227472.0765040937,12,"MU, LRCX, NVDA, AMAT, GOOG, GOOGL, AMZN, EBAY, EXPE, ISRG, WSM, BLK",131820.63019157373
2012-04-01,0.0,231511.69119037816,231511.69119037816,12,"MU, LRCX, NVDA, AMAT, GOOG, GOOGL, AMZN, EBAY, EXPE, ISRG, WSM, BLK",135359.0795695036
2012-05-01,0.0,220107.06212128658,220107.06212128658,12,"MU, LRCX, NVDA, AMAT, GOOG, GOOGL, AMZN, EBAY, EXPE, ISRG, WSM, BLK",135291.82214150997
2012-06-01,0.0,196867.65005505213,196867.65005505213,11,"MU, LRCX, NVDA, AMAT, GOOG, GOOGL, AMZN, EBAY, EXPE, ISRG, WSM",123198.82192355306
2012-07-01,0.0,214067.80038151916,214067.80038151916,11,"MU, LRCX, NVDA, AMAT, GOOG, GOOGL, AMZN, EBAY, EXPE, ISRG, WSM",131509.32491907445
2012-08-01,0.0,214472.1320280489,214472.1320280489,11,"MU, LRCX, NVDA, AMAT, GOOG, GOOGL, AMZN, EBAY, EXPE, ISRG, WSM",132949.03426472718
2012-09-01,0.0,224441.24140140202,224441.24140140202,11,"MU, LRCX, NVDA, AMAT, GOOG, GOOGL, AMZN, EBAY, EXPE, ISRG, WSM",136398.66549082086
2012-10-01,0.0,225274.17987421865,225274.17987421865,11,"MU, LRCX, NVDA, AMAT, GOOG, GOOGL, AMZN, EBAY, EXPE, ISRG, WSM",140225.62818165185
2012-11-01,0.0,224237.6958036418,224237.6958036418,11,"MU, LRCX, NVDA, AMAT, GOOG, GOOGL, AMZN, EBAY, EXPE, ISRG, WSM",138749.05695330055
2012-12-01,0.0,224790.55895103805,224790.55895103805,11,"MU, LRCX, NVDA, AMAT, GOOG, GOOGL, AMZN, EBAY, EXPE, ISRG, WSM",138088.49427104124
2013-01-01,0.0,229259.7883576388,229259.7883576388,11,"MU, LRCX, NVDA, AMAT, GOOG, GOOGL, AMZN, EBAY, EXPE, ISRG, WSM",139322.23009315005
2013-02-01,0.0,256185.01416806015,256185.01416806015,11,"MU, LRCX, NVDA, AMAT, GOOG, GOOGL, AMZN, EBAY, EXPE, ISRG, WSM",147960.7775281993
2013-03-01,0.0,262006.63231854225,262006.63231854225,11,"MU, LRCX, NVDA, AMAT, GOOG, GOOGL, AMZN, EBAY, EXPE, ISRG, WSM",148811.89039144557
2013-04-01,0.0,262926.4068657587,262926.4068657587,11,"MU, LRCX, NVDA, AMAT, GOOG, GOOGL, AMZN, EBAY, EXPE, ISRG, WSM",153345.5072160284
2013-05-01,0.0,272364.2180117821,272364.2180117821,12,"MU, LRCX, NVDA, AMAT, GOOG, GOOGL, AMZN, EBAY, EXPE, ISRG, WSM, META",155536.86249361708
2013-06-01,0.0,293992.65591569844,293992.65591569844,12,"MU, LRCX, NVDA, AMAT, GOOG, GOOGL, AMZN, EBAY, EXPE, ISRG, WSM, META",160617.29837363155
2013-07-01,0.0,302059.370068293,302059.370068293,12,"MU, LRCX, NVDA, AMAT, GOOG, GOOGL, AMZN, EBAY, EXPE, ISRG, WSM, META",159402.52922140693
2013-08-01,0.0,313763.41820445296,313763.41820445296,12,"MU, LRCX, NVDA, AMAT, GOOG, GOOGL, AMZN, EBAY, EXPE, ISRG, WSM, META",168589.690872417
2013-09-01,0.0,300242.1727246215,300242.1727246215,12,"MU, LRCX, NVDA, AMAT, GOOG, GOOGL, AMZN, EBAY, EXPE, ISRG, WSM, META",161664.69465306267
2013-10-01,-4.547473508864641e-13,335672.35563004226,335672.35563004226,12,"MU, LRCX, NVDA, AMAT, GOOG, GOOGL, AMZN, EBAY, EXPE, ISRG, WSM, META",168101.08765110953
2013-11-01,0.0,352058.3322639102,352058.3322639102,12,"MU, LRCX, NVDA, AMAT, GOOG, GOOGL, AMZN, EBAY, EXPE, ISRG, WSM, META",174920.79911523964
2013-12-01,0.0,366919.4767494389,366919.4767494389,12,"MU, LRCX, NVDA, AMAT, GOOG, GOOGL, AMZN, EBAY, EXPE, ISRG, WSM, META",179675.75641344598
2014-01-01,0.0,382648.94201044063,382648.94201044063,12,"MU, LRCX, NVDA, AMAT, GOOG, GOOGL, AMZN, EBAY, EXPE, ISRG, WSM, META",184334.20738540322
2014-02-01,0.0,381665.48020278587,381665.48020278587,12,"MU, LRCX, NVDA, AMAT, GOOG, GOOGL, AMZN, EBAY, EXPE, ISRG, WSM, META",177836.6285494248
2014-03-01,0.0,410821.8185877516,410821.8185877516,12,"MU, LRCX, NVDA, AMAT, GOOG, GOOGL, AMZN, EBAY, EXPE, ISRG, WSM, META",185931.09196419417
2014-04-01,0.0,413559.6395996997,413559.6395996997,12,"MU, LRCX, NVDA, AMAT, GOOG, GOOGL, AMZN, EBAY, EXPE, ISRG, WSM, META",188716.560788224
2014-05-01,0.0,401121.7193687277,401121.7193687277,12,"MU, LRCX, NVDA, AMAT, GOOG, GOOGL, AMZN, EBAY, EXPE, ISRG, WSM, META",188796.6944985473
2014-06-01,0.0,423529.13183853036,423529.13183853036,12,"MU, LRCX, NVDA, AMAT, GOOG, GOOGL, AMZN, EBAY, EXPE, ISRG, WSM, META",193157.4871775255
2014-07-01,0.0,456908.4900999954,456908.4900999954,12,"MU, LRCX, NVDA, GOOG, GOOGL, AMZN, EBAY, EXPE, ISRG, WSM, META, ANET",198464.77119645194
2014-08-01,0.0,438915.10277348856,438915.10277348856,12,"MU, LRCX, NVDA, GOOG, GOOGL, AMZN, EBAY, EXPE, ISRG, WSM, META, ANET",193901.73629618157
2014-09-01,0.0,470032.7405169858,470032.7405169858,12,"MU, LRCX, NVDA, GOOG, GOOGL, AMZN, EBAY, EXPE, ISRG, WSM, META, ANET",202171.54272054418
2014-10-01,0.0,467266.8568953333,467266.8568953333,12,"MU, LRCX, NVDA, GOOG, GOOGL, AMZN, EBAY, EXPE, ISRG, WSM, META, ANET",196680.28764298902
2014-11-01,0.0,469554.2289865335,469554.2289865335,12,"MU, LRCX, NVDA, GOOG, GOOGL, AMZN, EBAY, EXPE, ISRG, WSM, META, ANET",204077.94681005145
2014-12-01,0.0,471229.04210635653,471229.04210635653,12,"MU, LRCX, NVDA, GOOG, GOOGL, AMZN, EBAY, EXPE, ISRG, WSM, META, ANET",208227.09852151145
2015-01-01,0.0,457890.706513375,457890.706513375,12,"MU, LRCX, NVDA, GOOG, GOOGL, AMZN, EBAY, EXPE, ISRG, WSM, META, ANET",209152.4990749284
2015-02-01,0.0,448270.6168821517,448270.6168821517,12,"MU, LRCX, NVDA, GOOG, GOOGL, AMZN, EBAY, EXPE, ISRG, WSM, META, ANET",202955.4545482742
2015-03-01,0.0,480776.6085201647,480776.6085201647,12,"MU, LRCX, NVDA, GOOG, GOOGL, AMZN, EBAY, EXPE, ISRG, WSM, META, ANET",214362.50607041523
2015-04-01,0.0,459842.92785852414,459842.92785852414,12,"MU, LRCX, NVDA, GOOG, GOOGL, AMZN, EBAY, EXPE, ISRG, WSM, META, ANET",210249.59592440288
2015-05-01,0.0,472821.4965735816,472821.4965735816,12,"MU, LRCX, NVDA, GOOG, GOOGL, AMZN, EBAY, EXPE, ISRG, WSM, META, ANET",215380.67224908332
2015-06-01,0.0,483370.1438877166,483370.1438877166,12,"MU, LRCX, NVDA, GOOG, GOOGL, AMZN, EBAY, EXPE, ISRG, WSM, META, ANET",216249.4923502195
2015-07-01,0.0,469064.94743787416,469064.94743787416,12,"MU, LRCX, NVDA, GOOG, GOOGL, AMZN, EBAY, EXPE, ISRG, WSM, META, ANET",213121.10087138598
2015-08-01,0.0,502359.43320949527,502359.43320949527,12,"MU, LRCX, NVDA, GOOG, GOOGL, AMZN, EBAY, EXPE, ISRG, WSM, META, ANET",216202.44222661186
2015-09-01,0.0,466962.2481121298,466962.2481121298,12,"MU, LRCX, NVDA, GOOG, GOOGL, AMZN, EBAY, EXPE, ISRG, WSM, META, ANET",196965.013261161
2015-10-01,0.0,464905.3724149944,464905.3724149944,17,"MU, LRCX, NVDA, GOOG, GOOGL, AMZN, EBAY, EXPE, ISRG, WSM, META, ANET, AEE, NEE, CMS, EVRG, SO",198360.67068325222
2015-11-01,0.0,518652.2083694916,518652.2083694916,12,"MU, LRCX, NVDA, GOOG, GOOGL, AMZN, EBAY, EXPE, ISRG, WSM, META, ANET",214673.05944321642
2015-12-01,0.0,542928.5216905128,542928.5216905128,12,"MU, LRCX, NVDA, GOOG, GOOGL, AMZN, EBAY, EXPE, ISRG, WSM, META, ANET",217512.1387157196
2016-01-01,0.0,531538.2672333822,531538.2672333822,12,"MU, LRCX, NVDA, GOOG, GOOGL, AMZN, EBAY, EXPE, ISRG, WSM, META, ANET",211734.01510585292
2016-02-01,0.0,475328.79338028806,475328.79338028806,12,"MU, LRCX, NVDA, GOOG, GOOGL, AMZN, EBAY, EXPE, ISRG, WSM, META, ANET",201119.80422035663
2016-03-01,0.0,491590.2883774233,491590.2883774233,12,"MU, LRCX, NVDA, GOOG, GOOGL, AMZN, EBAY, EXPE, ISRG, WSM, META, ANET",205751.88231040357
2016-04-01,0.0,506592.68050228036,506592.68050228036,12,"MU, LRCX, NVDA, GOOG, GOOGL, AMZN, EBAY, EXPE, ISRG, WSM, META, ANET",216010.0874863495
2016-05-01,0.0,505930.5671251132,505930.5671251132,12,"MU, LRCX, NVDA, GOOG, GOOGL, AMZN, EBAY, EXPE, ISRG, WSM, META, ANET",215394.16884866395
2016-06-01,0.0,551522.1028432233,551522.1028432233,12,"MU, LRCX, NVDA, GOOG, GOOGL, AMZN, EBAY, EXPE, ISRG, WSM, META, ANET",219507.24817210835
2016-07-01,0.0,535935.4555079233,535935.4555079233,12,"MU, LRCX, NVDA, GOOG, GOOGL, AMZN, EBAY, EXPE, ISRG, WSM, META, ANET",220281.49808871798
2016-08-01,0.0,598845.6348461123,598845.6348461123,12,"MU, LRCX, NVDA, GOOG, GOOGL, AMZN, EBAY, EXPE, ISRG, WSM, META, ANET",227648.02860827974
2016-09-01,0.0,633137.5906466285,633137.5906466285,12,"MU, LRCX, NVDA, GOOG, GOOGL, AMZN, EBAY, EXPE, ISRG, WSM, META, ANET",228120.16522619917
2016-10-01,0.0,660715.8346469443,660715.8346469443,12,"MU, LRCX, NVDA, GOOG, GOOGL, AMZN, EBAY, EXPE, ISRG, WSM, META, ANET",228122.94725508208
2016-11-01,0.0,646977.9272806745,646977.9272806745,12,"MU, LRCX, NVDA, GOOG, GOOGL, AMZN, EBAY, EXPE, ISRG, WSM, META, ANET",222543.77630532844
2016-12-01,0.0,675376.5218721156,675376.5218721156,12,"MU, LRCX, NVDA, GOOG, GOOGL, AMZN, EBAY, EXPE, ISRG, WSM, META, ANET",231571.6856002843
2017-01-01,0.0,723881.0512268821,723881.0512268821,12,"MU, LRCX, NVDA, GOOG, GOOGL, AMZN, EBAY, EXPE, ISRG, WSM, META, ANET",237137.71710281394
2017-02-01,0.0,775431.4041596958,775431.4041596958,12,"MU, LRCX, NVDA, GOOG, GOOGL, AMZN, EBAY, EXPE, ISRG, WSM, META, ANET",241476.6295005779
2017-03-01,0.0,810603.8862949387,810603.8862949387,12,"MU, LRCX, NVDA, GOOG, GOOGL, AMZN, EBAY, EXPE, ISRG, WSM, META, ANET",254376.99141809883
2017-04-01,0.0,861796.1586534707,861796.1586534707,12,"MU, LRCX, NVDA, GOOG, GOOGL, AMZN, EBAY, EXPE, ISRG, WSM, META, ANET",251178.97402722272
2017-05-01,0.0,912561.3229638166,912561.3229638166,12,"MU, LRCX, NVDA, GOOG, GOOGL, AMZN, EBAY, EXPE, ISRG, WSM, META, ANET",254311.5009543957
2017-06-01,0.0,998312.0468262449,998312.0468262449,12,"MU, LRCX, NVDA, GOOG, GOOGL, AMZN, EBAY, EXPE, ISRG, WSM, META, ANET",259298.005764627
2017-07-01,0.0,971881.2445266526,971881.2445266526,12,"MU, LRCX, NVDA, GOOG, GOOGL, AMZN, EBAY, EXPE, ISRG, WSM, META, ANET",258892.29948503332
2017-08-01,0.0,1010053.0101155416,1010053.0101155416,12,"MU, LRCX, NVDA, GOOG, GOOGL, AMZN, EBAY, EXPE, ISRG, WSM, META, ANET",264802.45668188354
2017-09-01,0.0,1075189.8684732378,1075189.8684732378,12,"MU, LRCX, NVDA, GOOG, GOOGL, AMZN, EBAY, EXPE, ISRG, WSM, META, ANET",265359.18201583746
2017-10-01,0.0,1146567.0717024119,1146567.0717024119,12,"MU, LRCX, NVDA, GOOG, GOOGL, AMZN, EBAY, EXPE, ISRG, WSM, META, ANET",270323.7877473621
2017-11-01,0.0,1240211.0005836207,1240211.0005836207,12,"MU, LRCX, NVDA, GOOG, GOOGL, AMZN, EBAY, EXPE, ISRG, WSM, META, ANET",277059.5120152162
2017-12-01,0.0,1235897.1388778398,1235897.1388778398,12,"MU, LRCX, NVDA, GOOG, GOOGL, AMZN, EBAY, EXPE, ISRG, WSM, META, ANET",284559.20397130866
2018-01-01,0.0,1236869.1902930532,1236869.1902930532,12,"MU, LRCX, NVDA, GOOG, GOOGL, AMZN, EBAY, EXPE, ISRG, WSM, META, ANET",288609.3680875159
2018-02-01,0.0,1390705.8267517493,1390705.8267517493,12,"MU, LRCX, NVDA, GOOG, GOOGL, AMZN, EBAY, EXPE, ISRG, WSM, META, ANET",304529.02083767834
2018-03-01,0.0,1359612.3722180864,1359612.3722180864,12,"MU, LRCX, NVDA, GOOG, GOOGL, AMZN, EBAY, EXPE, ISRG, WSM, META, ANET",289517.8321002335
2018-04-01,0.0,1367896.7778146937,1367896.7778146937,12,"MU, LRCX, NVDA, GOOG, GOOGL, AMZN, EBAY, EXPE, ISRG, WSM, META, ANET",285736.82927844796
2018-05-01,0.0,1358645.2286225413,1358645.2286225413,12,"MU, LRCX, NVDA, GOOG, GOOGL, AMZN, EBAY, EXPE, ISRG, WSM, META, ANET",287723.9122055596
2018-06-01,0.0,1483794.5982558306,1483794.5982558306,12,"MU, LRCX, NVDA, GOOG, GOOGL, AMZN, EBAY, EXPE, ISRG, WSM, META, ANET",297083.7852172196
2018-07-01,0.0,1418162.0694464485,1418162.0694464485,12,"MU, LRCX, NVDA, GOOG, GOOGL, AMZN, EBAY, EXPE, ISRG, WSM, META, ANET",295887.3436201358
2018-08-01,0.0,1475687.820807696,1475687.820807696,12,"MU, LRCX, NVDA, GOOG, GOOGL, AMZN, EBAY, EXPE, ISRG, WSM, META, ANET",306336.38093945547
2018-09-01,0.0,1545952.0398656735,1545952.0398656735,12,"MU, LRCX, NVDA, GOOG, GOOGL, AMZN, EBAY, EXPE, ISRG, WSM, META, ANET",316643.4971907618
2018-10-01,0.0,1460585.6162037374,1460585.6162037374,12,"MU, LRCX, NVDA, GOOG, GOOGL, AMZN, EBAY, EXPE, ISRG, WSM, META, ANET",319632.7120354799
2018-11-01,0.0,1302960.3180297997,1302960.3180297997,12,"MU, LRCX, NVDA, GOOG, GOOGL, AMZN, EBAY, EXPE, ISRG, WSM, META, ANET",299670.03821624204
2018-12-01,0.0,1266598.6667046784,1266598.6667046784,12,"MU, LRCX, NVDA, GOOG, GOOGL, AMZN, EBAY, EXPE, ISRG, WSM, META, ANET",302014.81862722477
2019-01-01,0.0,1127243.0243051439,1127243.0243051439,17,"MU, LRCX, NVDA, GOOG, GOOGL, AMZN, EBAY, EXPE, ISRG, WSM, META, ANET, AEE, NEE, CMS, EVRG, SO",275422.79554991925
2019-02-01,0.0,1266142.3792057487,1266142.3792057487,17,"MU, LRCX, NVDA, GOOG, GOOGL, AMZN, EBAY, EXPE, ISRG, WSM, META, ANET, AEE, NEE, CMS, EVRG, SO",297617.9911552159
2019-03-01,0.0,1350193.286050295,1350193.286050295,12,"MU, LRCX, NVDA, GOOG, GOOGL, AMZN, EBAY, EXPE, ISRG, WSM, META, ANET",309035.17452578864
2019-04-01,0.0,1421560.2756187087,1421560.2756187087,12,"MU, LRCX, NVDA, GOOG, GOOGL, AMZN, EBAY, EXPE, ISRG, WSM, META, ANET",316384.76850465103
2019-05-01,0.0,1437286.5056479098,1437286.5056479098,12,"MU, LRCX, NVDA, GOOG, GOOGL, AMZN, EBAY, EXPE, ISRG, WSM, META, ANET",323003.96711679455
2019-06-01,0.0,1254020.9228827872,1254020.9228827872,12,"MU, LRCX, NVDA, GOOG, GOOGL, AMZN, EBAY, EXPE, ISRG, WSM, META, ANET",304695.81098820583
2019-07-01,0.0,1396108.3961358462,1396108.3961358462,12,"MU, LRCX, NVDA, GOOG, GOOGL, AMZN, EBAY, EXPE, ISRG, WSM, META, ANET",328857.28069646965
2019-08-01,0.0,1442352.9626034088,1442352.9626034088,12,"MU, LRCX, NVDA, GOOG, GOOGL, AMZN, EBAY, EXPE, ISRG, WSM, META, ANET",327945.2263626937
2019-09-01,0.0,1414970.47330913,1414970.47330913,12,"MU, LRCX, NVDA, GOOG, GOOGL, AMZN, EBAY, EXPE, ISRG, WSM, META, ANET",325286.73460017785
2019-10-01,0.0,1427021.3563412363,1427021.3563412363,12,"MU, LRCX, NVDA, GOOG, GOOGL, AMZN, EBAY, EXPE, ISRG, WSM, META, ANET",327671.7604425005
2019-11-01,0.0,1512762.4796386317,1512762.4796386317,12,"MU, LRCX, NVDA, GOOG, GOOGL, AMZN, EBAY, EXPE, ISRG, WSM, META, ANET",342086.3919594854
2019-12-01,0.0,1517154.0472812648,1517154.0472812648,12,"MU, LRCX, NVDA, GOOG, GOOGL, AMZN, EBAY, EXPE, ISRG, WSM, META, ANET",351215.7701186977
2020-01-01,0.0,1607741.2460769494,1607741.2460769494,12,"MU, LRCX, NVDA, GOOG, GOOGL, AMZN, EBAY, EXPE, ISRG, WSM, META, ANET",361420.40244115517
2020-02-01,0.0,1631635.0559742632,1631635.0559742632,12,"MU, LRCX, NVDA, GOOG, GOOGL, AMZN, EBAY, EXPE, ISRG, WSM, META, ANET",361274.49630474194
2020-03-01,0.0,1586992.0600052685,1586992.0600052685,12,"MU, LRCX, NVDA, GOOG, GOOGL, AMZN, EBAY, EXPE, ISRG, WSM, META, ANET",332673.8483739746
2020-04-01,0.0,1308321.0438107094,1308321.0438107094,17,"MU, LRCX, NVDA, GOOG, GOOGL, AMZN, EBAY, EXPE, ISRG, WSM, META, ANET, AEE, NEE, CMS, EVRG, SO",278030.1769304579
2020-05-01,0.0,1558388.6407448389,1558388.6407448389,17,"MU, LRCX, NVDA, GOOG, GOOGL, AMZN, EBAY, EXPE, ISRG, WSM, META, ANET, AEE, NEE, CMS, EVRG, SO",319415.638592643
2020-06-01,0.0,1781434.9380479527,1781434.9380479527,12,"MU, LRCX, NVDA, GOOG, GOOGL, AMZN, EBAY, EXPE, ISRG, WSM, META, ANET",345123.2772450621
2020-07-01,0.0,1889681.475237619,1889681.475237619,12,"MU, LRCX, NVDA, GOOG, GOOGL, AMZN, EBAY, EXPE, ISRG, WSM, META, ANET",352280.46009118477
2020-08-01,0.0,2056929.169446636,2056929.169446636,12,"MU, LRCX, NVDA, GOOG, GOOGL, AMZN, EBAY, EXPE, ISRG, WSM, META, ANET",370432.25867755694
2020-09-01,0.0,2138643.8402890316,2138643.8402890316,12,"MU, LRCX, NVDA, GOOG, GOOGL, AMZN, EBAY, EXPE, ISRG, WSM, META, ANET",400019.5869871351
2020-10-01,0.0,2063493.636735196,2063493.636735196,12,"MU, LRCX, NVDA, GOOG, GOOGL, AMZN, EBAY, EXPE, ISRG, WSM, META, ANET",383897.7296106654
2020-11-01,0.0,2051708.4864206016,2051708.4864206016,12,"MU, LRCX, NVDA, GOOG, GOOGL, AMZN, EBAY, EXPE, ISRG, WSM, META, ANET",371937.9754179552
2020-12-01,0.0,2461539.118318441,2461539.118318441,12,"MU, LRCX, NVDA, GOOG, GOOGL, AMZN, EBAY, EXPE, ISRG, WSM, META, ANET",416906.652686345
2021-01-01,0.0,2515499.2690793755,2515499.2690793755,12,"MU, LRCX, NVDA, GOOG, GOOGL, AMZN, EBAY, EXPE, ISRG, WSM, META, ANET",427674.6834525768
2021-02-01,0.0,2656088.131331364,2656088.131331364,12,"MU, LRCX, NVDA, GOOG, GOOGL, AMZN, EBAY, EXPE, ISRG, WSM, META, ANET",430362.8376581821
2021-03-01,0.0,2864798.428865744,2864798.428865744,12,"MU, LRCX, NVDA, GOOG, GOOGL, AMZN, EBAY, EXPE, ISRG, WSM, META, ANET",445633.65736137534
2021-04-01,0.0,3047728.573441162,3047728.573441162,12,"MU, LRCX, NVDA, GOOG, GOOGL, AMZN, EBAY, EXPE, ISRG, WSM, META, ANET",459751.4764725416
2021-05-01,0.0,3096443.592486771,3096443.592486771,12,"MU, LRCX, NVDA, GOOG, GOOGL, AMZN, EBAY, EXPE, ISRG, WSM, META, ANET",478905.44457150507
2021-06-01,0.0,3161099.6710124295,3161099.6710124295,12,"MU, LRCX, NVDA, GOOG, GOOGL, AMZN, EBAY, EXPE, ISRG, WSM, META, ANET",481625.36653935444
2021-07-01,0.0,3287557.9810367282,3287557.9810367282,12,"MU, LRCX, NVDA, GOOG, GOOGL, AMZN, EBAY, EXPE, ISRG, WSM, META, ANET",495589.9108970662
2021-08-01,0.0,3304099.8773543397,3304099.8773543397,12,"MU, LRCX, NVDA, GOOG, GOOGL, AMZN, EBAY, EXPE, ISRG, WSM, META, ANET",504893.12826647557
2021-09-01,0.0,3416741.050956278,3416741.050956278,12,"MU, LRCX, NVDA, GOOG, GOOGL, AMZN, EBAY, EXPE, ISRG, WSM, META, ANET",520194.92623722984
2021-10-01,0.0,3277378.1169129065,3277378.1169129065,12,"MU, LRCX, NVDA, GOOG, GOOGL, AMZN, EBAY, EXPE, ISRG, WSM, META, ANET",501578.340852487
2021-11-01,0.0,3507160.040786163,3507160.040786163,12,"MU, LRCX, NVDA, GOOG, GOOGL, AMZN, EBAY, EXPE, ISRG, WSM, META, ANET",531379.246271306
2021-12-01,0.0,3768983.6958081666,3768983.6958081666,12,"MU, LRCX, NVDA, GOOG, GOOGL, AMZN, EBAY, EXPE, ISRG, WSM, META, ANET",520359.9306259744
2022-01-01,0.0,3949238.8430122104,3949238.8430122104,12,"MU, LRCX, NVDA, GOOG, GOOGL, AMZN, EBAY, EXPE, ISRG, WSM, META, ANET",550540.470202356
2022-02-01,0.0,3526720.5643750834,3526720.5643750834,12,"MU, LRCX, NVDA, GOOG, GOOGL, AMZN, EBAY, EXPE, ISRG, WSM, META, ANET",525027.9495215898
2022-03-01,0.0,3354312.7558756666,3354312.7558756666,12,"MU, LRCX, NVDA, GOOG, GOOGL, AMZN, EBAY, EXPE, ISRG, WSM, META, ANET",498402.8052625836
2022-04-01,0.0,3497034.722390773,3497034.722390773,12,"MU, LRCX, NVDA, GOOG, GOOGL, AMZN, EBAY, EXPE, ISRG, WSM, META, ANET",526624.0822006826
2022-05-01,0.0,2923524.2922665654,2923524.2922665654,12,"MU, LRCX, NVDA, GOOG, GOOGL, AMZN, EBAY, EXPE, ISRG, WSM, META, ANET",479045.1475354091
2022-06-01,0.0,2813629.7163107307,2813629.7163107307,12,"MU, LRCX, NVDA, GOOG, GOOGL, AMZN, EBAY, EXPE, ISRG, WSM, META, ANET",476242.9301456045
2022-07-01,0.0,2391673.211130158,2391673.211130158,12,"MU, LRCX, NVDA, GOOG, GOOGL, AMZN, EBAY, EXPE, ISRG, WSM, META, ANET",445194.3599627697
2022-08-01,0.0,2831093.3209192464,2831093.3209192464,12,"MU, LRCX, NVDA, GOOG, GOOGL, AMZN, EBAY, EXPE, ISRG, WSM, META, ANET",479678.13429624116
2022-09-01,0.0,2607495.174138504,2607495.174138504,12,"MU, LRCX, NVDA, GOOG, GOOGL, AMZN, EBAY, EXPE, ISRG, WSM, META, ANET",462920.92167489044
2022-10-01,0.0,2283044.389829252,2283044.389829252,17,"MU, LRCX, NVDA, GOOG, GOOGL, AMZN, EBAY, EXPE, ISRG, WSM, META, ANET, AEE, NEE, CMS, EVRG, SO",418811.55297645606
2022-11-01,0.0,2355124.004927006,2355124.004927006,17,"MU, LRCX, NVDA, GOOG, GOOGL, AMZN, EBAY, EXPE, ISRG, WSM, META, ANET, AEE, NEE, CMS, EVRG, SO",450869.05976916495
2022-12-01,0.0,2592290.2348900763,2592290.2348900763,12,"MU, LRCX, NVDA, GOOG, GOOGL, AMZN, EBAY, EXPE, ISRG, WSM, META, ANET",477673.60729613394
2023-01-01,0.0,2336218.7615499697,2336218.7615499697,12,"MU, LRCX, NVDA, GOOG, GOOGL, AMZN, EBAY, EXPE, ISRG, WSM, META, ANET",450477.69597631216
2023-02-01,0.0,2830121.529340851,2830121.529340851,12,"MU, LRCX, NVDA, GOOG, GOOGL, AMZN, EBAY, EXPE, ISRG, WSM, META, ANET",483895.61489276454
2023-03-01,0.0,2705354.8745730864,2705354.8745730864,12,"MU, LRCX, NVDA, GOOG, GOOGL, AMZN, EBAY, EXPE, ISRG, WSM, META, ANET",464978.00646389375
2023-04-01,0.0,3003116.3655154193,3003116.3655154193,12,"MU, LRCX, NVDA, GOOG, GOOGL, AMZN, EBAY, EXPE, ISRG, WSM, META, ANET",484075.28132562176
2023-05-01,0.0,3093410.465660609,3093410.465660609,12,"MU, LRCX, NVDA, GOOG, GOOGL, AMZN, EBAY, EXPE, ISRG, WSM, META, ANET",491311.6768049376
2023-06-01,0.0,3493474.200233511,3493474.200233511,12,"MU, LRCX, NVDA, GOOG, GOOGL, AMZN, EBAY, EXPE, ISRG, WSM, META, ANET",498772.9278889655
2023-07-01,0.0,3566268.7562809363,3566268.7562809363,12,"MU, LRCX, NVDA, GOOG, GOOGL, AMZN, EBAY, EXPE, ISRG, WSM, META, ANET",526094.8200032013
2023-08-01,0.0,3886327.1036186195,3886327.1036186195,12,"MU, LRCX, NVDA, GOOG, GOOGL, AMZN, EBAY, EXPE, ISRG, WSM, META, ANET",541760.8381877075
2023-09-01,0.0,3908078.2249328718,3908078.2249328718,12,"MU, LRCX, NVDA, GOOG, GOOGL, AMZN, EBAY, EXPE, ISRG, WSM, META, ANET",535482.5133036904
2023-10-01,0.0,3703485.8470141287,3703485.8470141287,12,"MU, LRCX, NVDA, GOOG, GOOGL, AMZN, EBAY, EXPE, ISRG, WSM, META, ANET",509132.564334183
2023-11-01,0.0,3705582.5262771305,3705582.5262771305,12,"MU, LRCX, NVDA, GOOG, GOOGL, AMZN, EBAY, EXPE, ISRG, WSM, META, ANET",503391.9229242658
2023-12-01,0.0,4146124.8806712423,4146124.8806712423,12,"MU, LRCX, NVDA, GOOG, GOOGL, AMZN, EBAY, EXPE, ISRG, WSM, META, ANET",546792.2502074068
2024-01-01,0.0,4464209.317644201,4464209.317644201,12,"MU, LRCX, NVDA, GOOG, GOOGL, AMZN, EBAY, EXPE, ISRG, WSM, META, ANET",568393.6894186189
2024-02-01,0.0,4819835.627104022,4819835.627104022,12,"MU, LRCX, NVDA, GOOG, GOOGL, AMZN, EBAY, EXPE, ISRG, WSM, META, ANET",585003.9808389641
2024-03-01,0.0,5461296.904809902,5461296.904809902,12,"MU, LRCX, NVDA, GOOG, GOOGL, AMZN, EBAY, EXPE, ISRG, WSM, META, ANET",613285.4097529098
2024-04-01,0.0,5975185.683115153,5975185.683115153,12,"MU, LRCX, NVDA, GOOG, GOOGL, AMZN, EBAY, EXPE, ISRG, WSM, META, ANET",626358.8401834372
2024-05-01,0.0,5526339.927554235,5526339.927554235,12,"MU, LRCX, NVDA, GOOG, GOOGL, AMZN, EBAY, EXPE, ISRG, WSM, META, ANET",600196.6029735566
2024-06-01,0.0,6113703.629971791,6113703.629971791,12,"MU, LRCX, NVDA, GOOG, GOOGL, AMZN, EBAY, EXPE, ISRG, WSM, META, ANET",632608.4800939724
2024-07-01,0.0,6686731.045955947,6686731.045955947,12,"MU, LRCX, NVDA, GOOG, GOOGL, AMZN, EBAY, EXPE, ISRG, WSM, META, ANET",656274.8990410178
2024-08-01,0.0,6080780.232169599,6080780.232169599,12,"MU, LRCX, NVDA, GOOG, GOOGL, AMZN, EBAY, EXPE, ISRG, WSM, META, ANET",653470.9898768924
2024-09-01,0.0,6165728.377149688,6165728.377149688,12,"MU, LRCX, NVDA, GOOG, GOOGL, AMZN, EBAY, EXPE, ISRG, WSM, META, ANET",678345.7116387589
2024-10-01,0.0,6404251.142225071,6404251.142225071,12,"MU, LRCX, NVDA, GOOG, GOOGL, AMZN, EBAY, EXPE, ISRG, WSM, META, ANET",686389.4594188925
2024-11-01,0.0,6502294.900970128,6502294.900970128,12,"MU, LRCX, NVDA, GOOG, GOOGL, AMZN, EBAY, EXPE, ISRG, WSM, META, ANET",689310.5897459491
2024-12-01,0.0,6730282.370597521,6730282.370597521,12,"MU, LRCX, NVDA, GOOG, GOOGL, AMZN, EBAY, EXPE, ISRG, WSM, META, ANET",727346.8645829584
2025-01-01,0.0,6822666.494915182,6822666.494915182,12,"MU, LRCX, NVDA, GOOG, GOOGL, AMZN, EBAY, EXPE, ISRG, WSM, META, ANET",709846.8502498704
2025-02-01,0.0,7260174.218378408,7260174.218378408,12,"MU, LRCX, NVDA, GOOG, GOOGL, AMZN, EBAY, EXPE, ISRG, WSM, META, ANET",728910.7407650035
2025-03-01,0.0,6818503.914759394,6818503.914759394,12,"MU, LRCX, NVDA, GOOG, GOOGL, AMZN, EBAY, EXPE, ISRG, WSM, META, ANET",719657.3367505922
2025-04-01,0.0,6134441.383484802,6134441.383484802,12,"MU, LRCX, NVDA, GOOG, GOOGL, AMZN, EBAY, EXPE, ISRG, WSM, META, ANET",681477.9002110676
2025-05-01,0.0,6109486.841749056,6109486.841749056,12,"MU, LRCX, NVDA, GOOG, GOOGL, AMZN, EBAY, EXPE, ISRG, WSM, META, ANET",678440.8269505665
2025-06-01,0.0,6740437.253488797,6740437.253488797,12,"MU, LRCX, NVDA, GOOG, GOOGL, AMZN, EBAY, EXPE, ISRG, WSM, META, ANET",716003.2545978432
2025-07-01,0.0,7513737.874732876,7513737.874732876,12,"MU, LRCX, NVDA, GOOG, GOOGL, AMZN, EBAY, EXPE, ISRG, WSM, META, ANET",752552.2718320421
2025-08-01,0.0,7854050.4547847435,7854050.4547847435,12,"MU, LRCX, NVDA, GOOG, GOOGL, AMZN, EBAY, EXPE, ISRG, WSM, META, ANET",757511.1255308765
2025-09-01,0.0,8381341.265922675,8381341.265922675,12,"MU, LRCX, NVDA, GOOG, GOOGL, AMZN, EBAY, EXPE, ISRG, WSM, META, ANET",785936.693616945
2025-10-01,0.0,9717550.879058369,9717550.879058369,12,"MU, LRCX, NVDA, GOOG, GOOGL, AMZN, EBAY, EXPE, ISRG, WSM, META, ANET",816705.6323020622
2025-11-01,0.0,10593623.242222397,10593623.242222397,12,"MU, LRCX, NVDA, GOOG, GOOGL, AMZN, EBAY, EXPE, ISRG, WSM, META, ANET",833334.1196951009
2025-12-01,0.0,10557340.847803364,10557340.847803364,12,"MU, LRCX, NVDA, GOOG, GOOGL, AMZN, EBAY, EXPE, ISRG, WSM, META, ANET",831147.1442332537
